shape,region,seed,arm,recall,delta_recall,outcome,bits_flipped,coverage_bytes,elements_crc_fail,fallbacks,cliff_repaired,oob_restored
miscorrection_word,rotation,3128729046,off,0.48192,0.46843,silent_wrong,3,3,,,,
miscorrection_word,rotation,3128729046,on,0.95035,0.0,repaired,3,3,0,0,3,0
miscorrection_word,rotation,3790192054,off,0.60099,0.34936,silent_wrong,3,3,,,,
miscorrection_word,rotation,3790192054,on,0.95035,0.0,repaired,3,3,0,0,3,0
miscorrection_word,rotation,1427892755,off,0.59559,0.35476,silent_wrong,3,3,,,,
miscorrection_word,rotation,1427892755,on,0.95035,0.0,repaired,3,3,0,0,3,0
miscorrection_word,rotation,3407911383,off,0.6277,0.32265,silent_wrong,3,3,,,,
miscorrection_word,rotation,3407911383,on,0.95035,0.0,repaired,3,3,0,0,3,0
miscorrection_word,rotation,2350637919,off,0.66856,0.28179,silent_wrong,3,3,,,,
miscorrection_word,rotation,2350637919,on,0.95035,0.0,repaired,3,3,0,0,3,0
miscorrection_word,rotation,1085340745,off,0.71348,0.23687,silent_wrong,3,3,,,,
miscorrection_word,rotation,1085340745,on,0.95035,0.0,repaired,3,3,0,0,3,0
miscorrection_word,rotation,1499073444,off,0.62257,0.32778,silent_wrong,3,3,,,,
miscorrection_word,rotation,1499073444,on,0.95035,0.0,repaired,3,3,0,0,3,0
miscorrection_word,rotation,2451218847,off,0.6249100000000001,0.32544,silent_wrong,3,3,,,,
miscorrection_word,rotation,2451218847,on,0.95035,0.0,repaired,3,3,0,0,3,0
miscorrection_word,rotation,3587059528,off,0.6147199999999999,0.33563,silent_wrong,3,3,,,,
miscorrection_word,rotation,3587059528,on,0.95035,0.0,repaired,3,3,0,0,3,0
miscorrection_word,rotation,3890295322,off,0.59342,0.35693,silent_wrong,3,3,,,,
miscorrection_word,rotation,3890295322,on,0.95035,0.0,repaired,3,3,0,0,3,0
miscorrection_word,rotation,17811497,off,0.66589,0.28446,silent_wrong,3,3,,,,
miscorrection_word,rotation,17811497,on,0.95035,0.0,repaired,3,3,0,0,3,0
miscorrection_word,rotation,1411945503,off,0.64881,0.30154,silent_wrong,3,3,,,,
miscorrection_word,rotation,1411945503,on,0.95035,0.0,repaired,3,3,0,0,3,0
miscorrection_word,rotation,3964425197,off,0.5126299999999999,0.43772,silent_wrong,3,3,,,,
miscorrection_word,rotation,3964425197,on,0.95035,0.0,repaired,3,3,0,0,3,0
miscorrection_word,rotation,2835432810,off,0.60954,0.34081,silent_wrong,3,3,,,,
miscorrection_word,rotation,2835432810,on,0.95035,0.0,repaired,3,3,0,0,3,0
miscorrection_word,rotation,1104149938,off,0.51031,0.44004,silent_wrong,3,3,,,,
miscorrection_word,rotation,1104149938,on,0.95035,0.0,repaired,3,3,0,0,3,0
miscorrection_word,rotation,2409343473,off,0.56002,0.39033,silent_wrong,3,3,,,,
miscorrection_word,rotation,2409343473,on,0.95035,0.0,repaired,3,3,0,0,3,0
miscorrection_word,rotation,1697094725,off,0.67433,0.27602,silent_wrong,3,3,,,,
miscorrection_word,rotation,1697094725,on,0.95035,0.0,repaired,3,3,0,0,3,0
miscorrection_word,rotation,3545419851,off,0.60863,0.34172,silent_wrong,3,2,,,,
miscorrection_word,rotation,3545419851,on,0.95035,0.0,repaired,3,2,0,0,3,0
miscorrection_word,rotation,497654777,off,0.43733000000000005,0.51302,silent_wrong,3,2,,,,
miscorrection_word,rotation,497654777,on,0.95035,0.0,repaired,3,2,0,0,3,0
miscorrection_word,rotation,2633354908,off,0.66686,0.28349,silent_wrong,3,3,,,,
miscorrection_word,rotation,2633354908,on,0.95035,0.0,repaired,3,3,0,0,3,0
miscorrection_word,rotation,2480807135,off,0.66039,0.28996,silent_wrong,3,3,,,,
miscorrection_word,rotation,2480807135,on,0.95035,0.0,repaired,3,3,0,0,3,0
miscorrection_word,rotation,2524211426,off,0.6690699999999999,0.28128,silent_wrong,3,3,,,,
miscorrection_word,rotation,2524211426,on,0.95035,0.0,repaired,3,3,0,0,3,0
miscorrection_word,rotation,2935334796,off,0.65825,0.2921,silent_wrong,3,3,,,,
miscorrection_word,rotation,2935334796,on,0.95035,0.0,repaired,3,3,0,0,3,0
miscorrection_word,rotation,2435043194,off,0.49702999999999997,0.45332,silent_wrong,3,2,,,,
miscorrection_word,rotation,2435043194,on,0.95035,0.0,repaired,3,2,0,0,3,0
miscorrection_word,rotation,1942186148,off,0.42901,0.52134,silent_wrong,3,3,,,,
miscorrection_word,rotation,1942186148,on,0.95035,0.0,repaired,3,3,0,0,3,0
miscorrection_word,rotation,1809005347,off,0.54238,0.40797,silent_wrong,3,3,,,,
miscorrection_word,rotation,1809005347,on,0.95035,0.0,repaired,3,3,0,0,3,0
miscorrection_word,rotation,358112361,off,0.50995,0.4404,silent_wrong,3,3,,,,
miscorrection_word,rotation,358112361,on,0.95035,0.0,repaired,3,3,0,0,3,0
miscorrection_word,rotation,3181913453,off,0.56663,0.38372,silent_wrong,3,3,,,,
miscorrection_word,rotation,3181913453,on,0.95035,0.0,repaired,3,3,0,0,3,0
miscorrection_word,rotation,4277623500,off,0.6391,0.31125,silent_wrong,3,3,,,,
miscorrection_word,rotation,4277623500,on,0.95035,0.0,repaired,3,3,0,0,3,0
miscorrection_word,rotation,3959070014,off,0.47112,0.47923,silent_wrong,3,3,,,,
miscorrection_word,rotation,3959070014,on,0.95035,0.0,repaired,3,3,0,0,3,0
miscorrection_word,centroids,1127390130,off,0.8382099999999999,0.11214,silent_wrong,3,3,,,,
miscorrection_word,centroids,1127390130,on,0.95035,0.0,repaired,3,3,0,0,3,0
miscorrection_word,centroids,1953495791,off,0.8928100000000001,0.05754,silent_wrong,3,3,,,,
miscorrection_word,centroids,1953495791,on,0.95035,0.0,repaired,3,3,0,0,3,0
miscorrection_word,centroids,2698221260,off,0.85138,0.09897,silent_wrong,3,3,,,,
miscorrection_word,centroids,2698221260,on,0.95035,0.0,repaired,3,3,0,0,3,0
miscorrection_word,centroids,299825895,off,0.9503199999999999,3e-05,tolerated,3,3,,,,
miscorrection_word,centroids,299825895,on,0.95035,0.0,repaired,3,3,0,0,3,0
miscorrection_word,centroids,975246646,off,0.9143000000000001,0.03605,silent_wrong,3,3,,,,
miscorrection_word,centroids,975246646,on,0.95035,0.0,repaired,3,3,0,0,3,0
miscorrection_word,centroids,301281871,off,0.95035,0.0,tolerated,3,3,,,,
miscorrection_word,centroids,301281871,on,0.95035,0.0,repaired,3,3,0,0,3,0
miscorrection_word,centroids,1902897082,off,0.94751,0.00284,tolerated,3,3,,,,
miscorrection_word,centroids,1902897082,on,0.95035,0.0,repaired,3,3,0,0,3,0
miscorrection_word,centroids,2118687301,off,0.95037,-2e-05,tolerated,3,3,,,,
miscorrection_word,centroids,2118687301,on,0.95035,0.0,repaired,3,3,0,0,3,0
miscorrection_word,centroids,3684804449,off,0.8382099999999999,0.11214,silent_wrong,3,3,,,,
miscorrection_word,centroids,3684804449,on,0.95035,0.0,repaired,3,3,0,0,3,0
miscorrection_word,centroids,1487901333,off,0.94962,0.00073,tolerated,3,3,,,,
miscorrection_word,centroids,1487901333,on,0.95035,0.0,repaired,3,3,0,0,3,0
miscorrection_word,centroids,4202849229,off,0.95035,0.0,tolerated,3,3,,,,
miscorrection_word,centroids,4202849229,on,0.95035,0.0,repaired,3,3,0,0,3,0
miscorrection_word,centroids,3852438432,off,0.9431499999999999,0.0072,tolerated,3,3,,,,
miscorrection_word,centroids,3852438432,on,0.95035,0.0,repaired,3,3,0,0,3,0
miscorrection_word,centroids,3363541185,off,0.9483499999999999,0.002,tolerated,3,3,,,,
miscorrection_word,centroids,3363541185,on,0.95035,0.0,repaired,3,3,0,0,3,0
miscorrection_word,centroids,3188546659,off,0.9074099999999999,0.04294,silent_wrong,3,2,,,,
miscorrection_word,centroids,3188546659,on,0.95035,0.0,repaired,3,2,0,0,3,0
miscorrection_word,centroids,59589841,off,0.9502200000000001,0.00013,tolerated,3,2,,,,
miscorrection_word,centroids,59589841,on,0.95035,0.0,repaired,3,2,0,0,3,0
miscorrection_word,centroids,3001747578,off,0.8928100000000001,0.05754,silent_wrong,3,3,,,,
miscorrection_word,centroids,3001747578,on,0.95035,0.0,repaired,3,3,0,0,3,0
miscorrection_word,centroids,2084633248,off,0.95035,0.0,tolerated,3,3,,,,
miscorrection_word,centroids,2084633248,on,0.95035,0.0,repaired,3,3,0,0,3,0
miscorrection_word,centroids,1210081345,off,0.9463699999999999,0.00398,tolerated,3,3,,,,
miscorrection_word,centroids,1210081345,on,0.95035,0.0,repaired,3,3,0,0,3,0
miscorrection_word,centroids,1699509900,off,0.94987,0.00048,tolerated,3,3,,,,
miscorrection_word,centroids,1699509900,on,0.95035,0.0,repaired,3,3,0,0,3,0
miscorrection_word,centroids,3796628601,off,0.95035,0.0,tolerated,3,3,,,,
miscorrection_word,centroids,3796628601,on,0.95035,0.0,repaired,3,3,0,0,3,0
miscorrection_word,centroids,1483867404,off,0.9074099999999999,0.04294,silent_wrong,3,3,,,,
miscorrection_word,centroids,1483867404,on,0.95035,0.0,repaired,3,3,0,0,3,0
miscorrection_word,centroids,2132066100,off,0.9484199999999999,0.00193,tolerated,3,3,,,,
miscorrection_word,centroids,2132066100,on,0.95035,0.0,repaired,3,3,0,0,3,0
miscorrection_word,centroids,713177978,off,0.9074099999999999,0.04294,silent_wrong,3,3,,,,
miscorrection_word,centroids,713177978,on,0.95035,0.0,repaired,3,3,0,0,3,0
miscorrection_word,centroids,131002215,off,0.916,0.03435,silent_wrong,3,3,,,,
miscorrection_word,centroids,131002215,on,0.95035,0.0,repaired,3,3,0,0,3,0
miscorrection_word,centroids,2268557403,off,0.9146599999999999,0.03569,silent_wrong,3,3,,,,
miscorrection_word,centroids,2268557403,on,0.95035,0.0,repaired,3,3,0,0,3,0
miscorrection_word,centroids,2583305188,off,0.8928100000000001,0.05754,silent_wrong,3,3,,,,
miscorrection_word,centroids,2583305188,on,0.95035,0.0,repaired,3,3,0,0,3,0
miscorrection_word,centroids,3274199369,off,0.916,0.03435,silent_wrong,3,3,,,,
miscorrection_word,centroids,3274199369,on,0.95035,0.0,repaired,3,3,0,0,3,0
miscorrection_word,centroids,629021622,off,0.94513,0.00522,tolerated,3,3,,,,
miscorrection_word,centroids,629021622,on,0.95035,0.0,repaired,3,3,0,0,3,0
miscorrection_word,centroids,2837421710,off,0.9500299999999999,0.00032,tolerated,3,3,,,,
miscorrection_word,centroids,2837421710,on,0.95035,0.0,repaired,3,3,0,0,3,0
miscorrection_word,centroids,578009725,off,0.95034,1e-05,tolerated,3,2,,,,
miscorrection_word,centroids,578009725,on,0.95035,0.0,repaired,3,2,0,0,3,0
miscorrection_word,ex_code,4156041938,off,0.95035,0.0,tolerated,3,3,,,,
miscorrection_word,ex_code,4156041938,on,0.95035,0.0,tolerated,3,3,1,15,0,0
miscorrection_word,ex_code,893985448,off,0.95035,0.0,tolerated,3,3,,,,
miscorrection_word,ex_code,893985448,on,0.95035,0.0,tolerated,3,3,1,6,0,0
miscorrection_word,ex_code,4093651456,off,0.95035,0.0,tolerated,3,3,,,,
miscorrection_word,ex_code,4093651456,on,0.95035,0.0,tolerated,3,3,1,1,0,0
miscorrection_word,ex_code,2426410056,off,0.95035,0.0,tolerated,3,3,,,,
miscorrection_word,ex_code,2426410056,on,0.95035,0.0,tolerated,3,3,1,3,0,0
miscorrection_word,ex_code,2117023051,off,0.95035,0.0,tolerated,3,3,,,,
miscorrection_word,ex_code,2117023051,on,0.95035,0.0,tolerated,3,3,1,2,0,0
miscorrection_word,ex_code,4129382359,off,0.95035,0.0,tolerated,3,3,,,,
miscorrection_word,ex_code,4129382359,on,0.95035,0.0,tolerated,3,3,1,12,0,0
miscorrection_word,ex_code,250362955,off,0.95035,0.0,tolerated,3,3,,,,
miscorrection_word,ex_code,250362955,on,0.95035,0.0,tolerated,3,3,1,1,0,0
miscorrection_word,ex_code,2184650502,off,,,crash,3,3,,,,
miscorrection_word,ex_code,2184650502,on,0.95035,0.0,tolerated,3,3,1,3,0,1
miscorrection_word,ex_code,439526067,off,0.95035,0.0,tolerated,3,3,,,,
miscorrection_word,ex_code,439526067,on,0.95035,0.0,tolerated,3,3,1,4,0,0
miscorrection_word,ex_code,1733062456,off,0.95035,0.0,tolerated,3,2,,,,
miscorrection_word,ex_code,1733062456,on,0.95035,0.0,tolerated,3,2,1,6,0,0
miscorrection_word,ex_code,821969994,off,0.95035,0.0,tolerated,3,3,,,,
miscorrection_word,ex_code,821969994,on,0.95035,0.0,tolerated,3,3,1,3,0,0
miscorrection_word,ex_code,1413573666,off,0.95035,0.0,tolerated,3,3,,,,
miscorrection_word,ex_code,1413573666,on,0.95035,0.0,tolerated,3,3,1,5,0,0
miscorrection_word,ex_code,3286152709,off,0.95035,0.0,tolerated,3,3,,,,
miscorrection_word,ex_code,3286152709,on,0.95035,0.0,tolerated,3,3,1,2,0,0
miscorrection_word,ex_code,2132121354,off,0.95035,0.0,tolerated,3,3,,,,
miscorrection_word,ex_code,2132121354,on,0.95035,0.0,tolerated,3,3,1,4,0,0
miscorrection_word,ex_code,1950968592,off,0.95035,0.0,tolerated,3,3,,,,
miscorrection_word,ex_code,1950968592,on,0.95035,0.0,tolerated,3,3,1,2,0,0
miscorrection_word,ex_code,357269804,off,0.95035,0.0,tolerated,3,2,,,,
miscorrection_word,ex_code,357269804,on,0.95035,0.0,tolerated,3,2,1,0,0,0
miscorrection_word,ex_code,3340366085,off,0.95035,0.0,tolerated,3,2,,,,
miscorrection_word,ex_code,3340366085,on,0.95035,0.0,tolerated,3,2,1,1,0,0
miscorrection_word,ex_code,3617501616,off,0.95035,0.0,tolerated,3,3,,,,
miscorrection_word,ex_code,3617501616,on,0.95035,0.0,tolerated,3,3,1,3,0,0
miscorrection_word,ex_code,573138757,off,0.95035,0.0,tolerated,3,3,,,,
miscorrection_word,ex_code,573138757,on,0.95035,0.0,tolerated,3,3,1,1,0,0
miscorrection_word,ex_code,2655137979,off,0.95035,0.0,tolerated,3,2,,,,
miscorrection_word,ex_code,2655137979,on,0.95034,1e-05,tolerated,3,2,1,6,0,0
miscorrection_word,ex_code,1446586732,off,0.95035,0.0,tolerated,3,2,,,,
miscorrection_word,ex_code,1446586732,on,0.95035,0.0,tolerated,3,2,1,4,0,0
miscorrection_word,ex_code,4065986972,off,0.95035,0.0,tolerated,3,3,,,,
miscorrection_word,ex_code,4065986972,on,0.95035,0.0,tolerated,3,3,1,0,0,0
miscorrection_word,ex_code,2568863750,off,0.95035,0.0,tolerated,3,3,,,,
miscorrection_word,ex_code,2568863750,on,0.95035,0.0,tolerated,3,3,1,10,0,0
miscorrection_word,ex_code,3581170737,off,0.95035,0.0,tolerated,3,3,,,,
miscorrection_word,ex_code,3581170737,on,0.95035,0.0,tolerated,3,3,1,3,0,0
miscorrection_word,ex_code,1265843521,off,0.95035,0.0,tolerated,3,3,,,,
miscorrection_word,ex_code,1265843521,on,0.9503299999999999,2e-05,tolerated,3,3,1,11,0,0
miscorrection_word,ex_code,2035558818,off,0.95035,0.0,tolerated,3,2,,,,
miscorrection_word,ex_code,2035558818,on,0.95035,0.0,tolerated,3,2,1,5,0,0
miscorrection_word,ex_code,4286430888,off,0.95035,0.0,tolerated,3,2,,,,
miscorrection_word,ex_code,4286430888,on,0.95035,0.0,tolerated,3,2,1,2,0,0
miscorrection_word,ex_code,1934590047,off,0.95035,0.0,tolerated,3,3,,,,
miscorrection_word,ex_code,1934590047,on,0.95035,0.0,tolerated,3,3,1,8,0,0
miscorrection_word,ex_code,2714976624,off,0.95035,0.0,tolerated,3,2,,,,
miscorrection_word,ex_code,2714976624,on,0.95035,0.0,tolerated,3,2,1,1,0,0
miscorrection_word,ex_code,2953446292,off,0.95035,0.0,tolerated,3,3,,,,
miscorrection_word,ex_code,2953446292,on,0.95035,0.0,tolerated,3,3,1,1,0,0
miscorrection_word,bin_code,2411532800,off,0.95035,0.0,tolerated,3,2,,,,
miscorrection_word,bin_code,2411532800,on,0.95035,0.0,tolerated,3,2,0,0,0,0
miscorrection_word,bin_code,637345176,off,0.9503,5e-05,tolerated,3,3,,,,
miscorrection_word,bin_code,637345176,on,0.95035,0.0,repaired,3,3,0,0,0,1
miscorrection_word,bin_code,909986188,off,0.95035,0.0,tolerated,3,2,,,,
miscorrection_word,bin_code,909986188,on,0.95035,0.0,tolerated,3,2,0,0,0,0
miscorrection_word,bin_code,3858834380,off,0.95035,0.0,tolerated,3,3,,,,
miscorrection_word,bin_code,3858834380,on,0.95035,0.0,tolerated,3,3,0,0,0,0
miscorrection_word,bin_code,2654761401,off,0.95035,0.0,tolerated,3,3,,,,
miscorrection_word,bin_code,2654761401,on,0.95035,0.0,tolerated,3,3,0,0,0,0
miscorrection_word,bin_code,600708935,off,0.95035,0.0,tolerated,3,3,,,,
miscorrection_word,bin_code,600708935,on,0.95035,0.0,tolerated,3,3,0,0,0,0
miscorrection_word,bin_code,3906091849,off,0.95035,0.0,tolerated,3,3,,,,
miscorrection_word,bin_code,3906091849,on,0.95035,0.0,tolerated,3,3,0,0,0,0
miscorrection_word,bin_code,1785005797,off,0.9503,5e-05,tolerated,3,3,,,,
miscorrection_word,bin_code,1785005797,on,0.95035,0.0,repaired,3,3,0,0,0,1
miscorrection_word,bin_code,125759512,off,,,crash,3,2,,,,
miscorrection_word,bin_code,125759512,on,0.95035,0.0,repaired,3,2,0,0,0,1
miscorrection_word,bin_code,1919473213,off,0.95035,0.0,tolerated,3,2,,,,
miscorrection_word,bin_code,1919473213,on,0.95035,0.0,repaired,3,2,0,0,0,1
miscorrection_word,bin_code,4054467520,off,0.95035,0.0,tolerated,3,3,,,,
miscorrection_word,bin_code,4054467520,on,0.95035,0.0,tolerated,3,3,0,0,0,0
miscorrection_word,bin_code,2901694346,off,0.95035,0.0,tolerated,3,3,,,,
miscorrection_word,bin_code,2901694346,on,0.95035,0.0,tolerated,3,3,0,0,0,0
miscorrection_word,bin_code,3588850196,off,0.95035,0.0,tolerated,3,3,,,,
miscorrection_word,bin_code,3588850196,on,0.95035,0.0,tolerated,3,3,0,0,0,0
miscorrection_word,bin_code,2663902444,off,0.9503,5e-05,tolerated,3,3,,,,
miscorrection_word,bin_code,2663902444,on,0.95035,0.0,repaired,3,3,0,0,0,1
miscorrection_word,bin_code,737098909,off,0.95035,0.0,tolerated,3,3,,,,
miscorrection_word,bin_code,737098909,on,0.95035,0.0,tolerated,3,3,0,0,0,0
miscorrection_word,bin_code,1058703970,off,0.95035,0.0,tolerated,3,2,,,,
miscorrection_word,bin_code,1058703970,on,0.95035,0.0,repaired,3,2,0,0,0,1
miscorrection_word,bin_code,1267970178,off,0.95035,0.0,tolerated,3,3,,,,
miscorrection_word,bin_code,1267970178,on,0.95035,0.0,tolerated,3,3,0,0,0,0
miscorrection_word,bin_code,3341462335,off,0.95035,0.0,tolerated,3,3,,,,
miscorrection_word,bin_code,3341462335,on,0.95035,0.0,tolerated,3,3,0,0,0,0
miscorrection_word,bin_code,4136914592,off,0.95035,0.0,tolerated,3,3,,,,
miscorrection_word,bin_code,4136914592,on,0.95035,0.0,tolerated,3,3,0,0,0,0
miscorrection_word,bin_code,613694100,off,0.95035,0.0,tolerated,3,2,,,,
miscorrection_word,bin_code,613694100,on,0.95035,0.0,tolerated,3,2,0,0,0,0
miscorrection_word,bin_code,2933584891,off,0.9503199999999999,3e-05,tolerated,3,3,,,,
miscorrection_word,bin_code,2933584891,on,0.95035,0.0,repaired,3,3,0,0,0,1
miscorrection_word,bin_code,1217114032,off,0.95035,0.0,tolerated,3,3,,,,
miscorrection_word,bin_code,1217114032,on,0.95035,0.0,repaired,3,3,0,0,0,1
miscorrection_word,bin_code,2633673554,off,0.95035,0.0,tolerated,3,3,,,,
miscorrection_word,bin_code,2633673554,on,0.95035,0.0,tolerated,3,3,0,0,0,0
miscorrection_word,bin_code,2461979695,off,0.95035,0.0,tolerated,3,3,,,,
miscorrection_word,bin_code,2461979695,on,0.95035,0.0,repaired,3,3,0,0,0,1
miscorrection_word,bin_code,1903792366,off,0.95031,4e-05,tolerated,3,2,,,,
miscorrection_word,bin_code,1903792366,on,0.95035,0.0,repaired,3,2,0,0,0,1
miscorrection_word,bin_code,1473507406,off,0.95035,0.0,tolerated,3,3,,,,
miscorrection_word,bin_code,1473507406,on,0.95035,0.0,tolerated,3,3,0,0,0,0
miscorrection_word,bin_code,1370812479,off,0.95035,0.0,tolerated,3,3,,,,
miscorrection_word,bin_code,1370812479,on,0.95035,0.0,tolerated,3,3,0,0,0,0
miscorrection_word,bin_code,2897985605,off,0.95035,0.0,tolerated,3,2,,,,
miscorrection_word,bin_code,2897985605,on,0.95035,0.0,tolerated,3,2,0,0,0,0
miscorrection_word,bin_code,4285356323,off,0.95035,0.0,tolerated,3,3,,,,
miscorrection_word,bin_code,4285356323,on,0.95035,0.0,tolerated,3,3,0,0,0,0
miscorrection_word,bin_code,536262040,off,,,crash,3,2,,,,
miscorrection_word,bin_code,536262040,on,0.95035,0.0,repaired,3,2,0,0,0,1
miscorrection_word,links,2979384459,off,0.95035,0.0,tolerated,3,2,,,,
miscorrection_word,links,2979384459,on,0.95035,0.0,repaired,3,2,0,0,0,1
miscorrection_word,links,2074070713,off,,,crash,3,3,,,,
miscorrection_word,links,2074070713,on,0.95035,0.0,repaired,3,3,0,0,0,1
miscorrection_word,links,1698936559,off,0.95035,0.0,tolerated,3,3,,,,
miscorrection_word,links,1698936559,on,0.95035,0.0,repaired,3,3,0,0,0,1
miscorrection_word,links,3944411962,off,0.95035,0.0,tolerated,3,2,,,,
miscorrection_word,links,3944411962,on,0.95035,0.0,repaired,3,2,0,0,0,1
miscorrection_word,links,1894839011,off,0.95035,0.0,tolerated,3,2,,,,
miscorrection_word,links,1894839011,on,0.95035,0.0,repaired,3,2,0,0,0,1
miscorrection_word,links,1422924350,off,0.95035,0.0,tolerated,3,3,,,,
miscorrection_word,links,1422924350,on,0.95035,0.0,tolerated,3,3,0,0,0,0
miscorrection_word,links,3230764060,off,,,crash,3,3,,,,
miscorrection_word,links,3230764060,on,0.95035,0.0,repaired,3,3,0,0,0,1
miscorrection_word,links,3650548237,off,0.95035,0.0,tolerated,3,3,,,,
miscorrection_word,links,3650548237,on,0.95035,0.0,tolerated,3,3,0,0,0,0
miscorrection_word,links,2784316734,off,0.95035,0.0,tolerated,3,3,,,,
miscorrection_word,links,2784316734,on,0.95035,0.0,repaired,3,3,0,0,0,1
miscorrection_word,links,4288593003,off,,,crash,3,2,,,,
miscorrection_word,links,4288593003,on,0.95035,0.0,repaired,3,2,0,0,0,1
miscorrection_word,links,3890403936,off,,,crash,3,3,,,,
miscorrection_word,links,3890403936,on,0.95035,0.0,repaired,3,3,0,0,0,1
miscorrection_word,links,2478454690,off,,,crash,3,3,,,,
miscorrection_word,links,2478454690,on,0.95035,0.0,repaired,3,3,0,0,0,1
miscorrection_word,links,1114122287,off,0.95035,0.0,tolerated,3,3,,,,
miscorrection_word,links,1114122287,on,0.95035,0.0,tolerated,3,3,0,0,0,0
miscorrection_word,links,2688506049,off,0.95035,0.0,tolerated,3,2,,,,
miscorrection_word,links,2688506049,on,0.95035,0.0,repaired,3,2,0,0,0,1
miscorrection_word,links,1946542193,off,0.95035,0.0,tolerated,3,3,,,,
miscorrection_word,links,1946542193,on,0.95035,0.0,tolerated,3,3,0,0,0,0
miscorrection_word,links,705773736,off,0.95035,0.0,tolerated,3,3,,,,
miscorrection_word,links,705773736,on,0.95035,0.0,tolerated,3,3,1,11,0,0
miscorrection_word,links,937939239,off,,,crash,3,3,,,,
miscorrection_word,links,937939239,on,0.95035,0.0,repaired,3,3,0,0,0,1
miscorrection_word,links,3806042915,off,,,crash,3,2,,,,
miscorrection_word,links,3806042915,on,0.95035,0.0,repaired,3,2,0,0,0,1
miscorrection_word,links,3570586907,off,0.95035,0.0,tolerated,3,2,,,,
miscorrection_word,links,3570586907,on,0.95035,0.0,tolerated,3,2,0,0,0,0
miscorrection_word,links,1932440499,off,0.95035,0.0,tolerated,3,3,,,,
miscorrection_word,links,1932440499,on,0.95035,0.0,repaired,3,3,0,0,0,1
miscorrection_word,links,585648609,off,0.95035,0.0,tolerated,3,3,,,,
miscorrection_word,links,585648609,on,0.95035,0.0,repaired,3,3,0,0,0,1
miscorrection_word,links,683219092,off,0.95035,0.0,tolerated,3,3,,,,
miscorrection_word,links,683219092,on,0.95035,0.0,repaired,3,3,0,0,0,1
miscorrection_word,links,467554149,off,0.95035,0.0,tolerated,3,3,,,,
miscorrection_word,links,467554149,on,0.95035,0.0,repaired,3,3,0,0,0,1
miscorrection_word,links,2986258201,off,0.95035,0.0,tolerated,3,3,,,,
miscorrection_word,links,2986258201,on,0.95035,0.0,tolerated,3,3,0,0,0,0
miscorrection_word,links,1616499099,off,0.95035,0.0,tolerated,3,3,,,,
miscorrection_word,links,1616499099,on,0.95035,0.0,tolerated,3,3,0,0,0,0
miscorrection_word,links,2667316381,off,,,crash,3,2,,,,
miscorrection_word,links,2667316381,on,0.95035,0.0,repaired,3,2,0,0,0,1
miscorrection_word,links,3257994250,off,0.95035,0.0,tolerated,3,3,,,,
miscorrection_word,links,3257994250,on,0.95035,0.0,repaired,3,3,0,0,0,1
miscorrection_word,links,2942111347,off,0.95035,0.0,tolerated,3,2,,,,
miscorrection_word,links,2942111347,on,0.95035,0.0,tolerated,3,2,0,0,0,0
miscorrection_word,links,2649997081,off,0.95035,0.0,tolerated,3,3,,,,
miscorrection_word,links,2649997081,on,0.95035,0.0,tolerated,3,3,0,0,0,0
miscorrection_word,links,945391781,off,0.95035,0.0,tolerated,3,2,,,,
miscorrection_word,links,945391781,on,0.95035,0.0,tolerated,3,2,0,0,0,0
miscorrection_word,factors,3684897231,off,0.95035,0.0,tolerated,3,3,,,,
miscorrection_word,factors,3684897231,on,0.95035,0.0,tolerated,3,3,0,0,0,0
miscorrection_word,factors,2493455378,off,0.95035,0.0,tolerated,3,3,,,,
miscorrection_word,factors,2493455378,on,0.95035,0.0,tolerated,3,3,1,15,0,0
miscorrection_word,factors,3962948042,off,0.95034,1e-05,tolerated,3,2,,,,
miscorrection_word,factors,3962948042,on,0.95034,1e-05,tolerated,3,2,0,0,0,0
miscorrection_word,factors,901081276,off,0.95035,0.0,tolerated,3,3,,,,
miscorrection_word,factors,901081276,on,0.95035,0.0,tolerated,3,3,0,0,0,0
miscorrection_word,factors,3287673196,off,0.95035,0.0,tolerated,3,3,,,,
miscorrection_word,factors,3287673196,on,0.95035,0.0,tolerated,3,3,0,0,0,0
miscorrection_word,factors,740408977,off,0.95035,0.0,tolerated,3,2,,,,
miscorrection_word,factors,740408977,on,0.95035,0.0,tolerated,3,2,0,0,0,0
miscorrection_word,factors,3929514522,off,0.95035,0.0,tolerated,3,3,,,,
miscorrection_word,factors,3929514522,on,0.95035,0.0,repaired,3,3,0,0,0,1
miscorrection_word,factors,1308335306,off,0.95035,0.0,tolerated,3,3,,,,
miscorrection_word,factors,1308335306,on,0.95035,0.0,tolerated,3,3,1,0,0,0
miscorrection_word,factors,690125737,off,0.95035,0.0,tolerated,3,3,,,,
miscorrection_word,factors,690125737,on,0.95035,0.0,tolerated,3,3,0,0,0,0
miscorrection_word,factors,2766375106,off,0.95035,0.0,tolerated,3,3,,,,
miscorrection_word,factors,2766375106,on,0.95035,0.0,tolerated,3,3,0,0,0,0
miscorrection_word,factors,1522747166,off,0.95035,0.0,tolerated,3,3,,,,
miscorrection_word,factors,1522747166,on,0.95035,0.0,tolerated,3,3,1,0,0,0
miscorrection_word,factors,1907313213,off,0.95035,0.0,tolerated,3,3,,,,
miscorrection_word,factors,1907313213,on,0.95035,0.0,tolerated,3,3,0,0,0,0
miscorrection_word,factors,2207073776,off,0.95035,0.0,tolerated,3,3,,,,
miscorrection_word,factors,2207073776,on,0.95035,0.0,tolerated,3,3,1,3,0,0
miscorrection_word,factors,4050333706,off,0.95035,0.0,tolerated,3,3,,,,
miscorrection_word,factors,4050333706,on,0.95035,0.0,tolerated,3,3,0,0,0,0
miscorrection_word,factors,4196012915,off,0.95035,0.0,tolerated,3,3,,,,
miscorrection_word,factors,4196012915,on,0.95035,0.0,tolerated,3,3,0,0,0,0
miscorrection_word,factors,2583306479,off,0.95035,0.0,tolerated,3,3,,,,
miscorrection_word,factors,2583306479,on,0.95035,0.0,tolerated,3,3,0,0,0,0
miscorrection_word,factors,4049605376,off,0.95035,0.0,tolerated,3,3,,,,
miscorrection_word,factors,4049605376,on,0.95035,0.0,repaired,3,3,0,0,0,1
miscorrection_word,factors,2623404001,off,0.9503299999999999,2e-05,tolerated,3,2,,,,
miscorrection_word,factors,2623404001,on,0.9503299999999999,2e-05,tolerated,3,2,0,0,0,0
miscorrection_word,factors,3095781511,off,,,crash,3,3,,,,
miscorrection_word,factors,3095781511,on,0.95034,1e-05,tolerated,3,3,1,7,0,1
miscorrection_word,factors,229049799,off,0.95035,0.0,tolerated,3,2,,,,
miscorrection_word,factors,229049799,on,0.95035,0.0,tolerated,3,2,1,2,0,0
miscorrection_word,factors,3616531734,off,0.95035,0.0,tolerated,3,3,,,,
miscorrection_word,factors,3616531734,on,0.95035,0.0,tolerated,3,3,1,6,0,0
miscorrection_word,factors,2165575708,off,0.95034,1e-05,tolerated,3,3,,,,
miscorrection_word,factors,2165575708,on,0.95035,0.0,tolerated,3,3,1,5,0,0
miscorrection_word,factors,1149610876,off,0.95035,0.0,tolerated,3,3,,,,
miscorrection_word,factors,1149610876,on,0.95035,0.0,tolerated,3,3,1,1,0,0
miscorrection_word,factors,2385641092,off,0.95035,0.0,tolerated,3,3,,,,
miscorrection_word,factors,2385641092,on,0.95035,0.0,tolerated,3,3,0,0,0,0
miscorrection_word,factors,847754874,off,0.95035,0.0,tolerated,3,3,,,,
miscorrection_word,factors,847754874,on,0.95035,0.0,tolerated,3,3,1,2,0,0
miscorrection_word,factors,2599198080,off,0.95035,0.0,tolerated,3,3,,,,
miscorrection_word,factors,2599198080,on,0.95035,0.0,tolerated,3,3,1,2,0,0
miscorrection_word,factors,2272148297,off,0.95035,0.0,tolerated,3,2,,,,
miscorrection_word,factors,2272148297,on,0.95035,0.0,tolerated,3,2,1,7,0,0
miscorrection_word,factors,3839956562,off,0.95035,0.0,tolerated,3,3,,,,
miscorrection_word,factors,3839956562,on,0.95035,0.0,tolerated,3,3,0,0,0,0
miscorrection_word,factors,4104671176,off,0.95035,0.0,tolerated,3,3,,,,
miscorrection_word,factors,4104671176,on,0.95035,0.0,tolerated,3,3,0,0,0,0
miscorrection_word,factors,4010360060,off,0.95035,0.0,tolerated,3,3,,,,
miscorrection_word,factors,4010360060,on,0.95035,0.0,tolerated,3,3,0,0,0,0
miscorrection_word,ids,180353875,off,0.95035,0.0,tolerated,3,3,,,,
miscorrection_word,ids,180353875,on,0.95035,0.0,repaired,3,3,0,0,0,1
miscorrection_word,ids,2945083607,off,0.95035,0.0,tolerated,3,3,,,,
miscorrection_word,ids,2945083607,on,0.95035,0.0,repaired,3,3,0,0,0,1
miscorrection_word,ids,391820563,off,0.95035,0.0,tolerated,3,2,,,,
miscorrection_word,ids,391820563,on,0.95035,0.0,repaired,3,2,0,0,0,1
miscorrection_word,ids,2536025471,off,0.95035,0.0,tolerated,3,3,,,,
miscorrection_word,ids,2536025471,on,0.95035,0.0,tolerated,3,3,0,0,0,0
miscorrection_word,ids,3426346230,off,0.9503299999999999,2e-05,tolerated,3,3,,,,
miscorrection_word,ids,3426346230,on,0.95035,0.0,repaired,3,3,0,0,0,1
miscorrection_word,ids,3127103377,off,0.9502900000000001,6e-05,tolerated,3,3,,,,
miscorrection_word,ids,3127103377,on,0.95035,0.0,repaired,3,3,0,0,0,1
miscorrection_word,ids,54772384,off,,,crash,3,3,,,,
miscorrection_word,ids,54772384,on,0.95035,0.0,repaired,3,3,0,0,0,1
miscorrection_word,ids,9192088,off,0.95035,0.0,tolerated,3,3,,,,
miscorrection_word,ids,9192088,on,0.95035,0.0,repaired,3,3,0,0,0,1
miscorrection_word,ids,791947829,off,0.95035,0.0,tolerated,3,3,,,,
miscorrection_word,ids,791947829,on,0.95035,0.0,repaired,3,3,0,0,0,1
miscorrection_word,ids,2830484898,off,0.95035,0.0,tolerated,3,2,,,,
miscorrection_word,ids,2830484898,on,0.95035,0.0,tolerated,3,2,0,0,0,0
miscorrection_word,ids,3050422109,off,0.95035,0.0,tolerated,3,3,,,,
miscorrection_word,ids,3050422109,on,0.95035,0.0,tolerated,3,3,0,0,0,0
miscorrection_word,ids,2261620272,off,0.95035,0.0,tolerated,3,3,,,,
miscorrection_word,ids,2261620272,on,0.95035,0.0,tolerated,3,3,0,0,0,0
miscorrection_word,ids,3490365199,off,0.95034,1e-05,tolerated,3,2,,,,
miscorrection_word,ids,3490365199,on,0.95035,0.0,repaired,3,2,0,0,0,1
miscorrection_word,ids,264253695,off,0.95035,0.0,tolerated,3,3,,,,
miscorrection_word,ids,264253695,on,0.95035,0.0,repaired,3,3,0,0,0,1
miscorrection_word,ids,340821072,off,,,crash,3,3,,,,
miscorrection_word,ids,340821072,on,0.95035,0.0,repaired,3,3,0,0,0,1
miscorrection_word,ids,2656696315,off,0.95035,0.0,tolerated,3,3,,,,
miscorrection_word,ids,2656696315,on,0.95035,0.0,tolerated,3,3,0,0,0,0
miscorrection_word,ids,1298778149,off,0.9501899999999999,0.00016,tolerated,3,3,,,,
miscorrection_word,ids,1298778149,on,0.95035,0.0,repaired,3,3,0,0,0,2
miscorrection_word,ids,211269164,off,,,crash,3,3,,,,
miscorrection_word,ids,211269164,on,0.95035,0.0,repaired,3,3,0,0,0,1
miscorrection_word,ids,2861848988,off,0.95031,4e-05,tolerated,3,2,,,,
miscorrection_word,ids,2861848988,on,0.95035,0.0,repaired,3,2,0,0,0,1
miscorrection_word,ids,1802359876,off,0.95034,1e-05,tolerated,3,3,,,,
miscorrection_word,ids,1802359876,on,0.95034,1e-05,repaired,3,3,0,0,0,1
miscorrection_word,ids,4291921972,off,0.95035,0.0,tolerated,3,3,,,,
miscorrection_word,ids,4291921972,on,0.95035,0.0,tolerated,3,3,0,0,0,0
miscorrection_word,ids,1083221651,off,0.95035,0.0,tolerated,3,3,,,,
miscorrection_word,ids,1083221651,on,0.95035,0.0,repaired,3,3,0,0,0,1
miscorrection_word,ids,3003157635,off,0.9502700000000001,8e-05,tolerated,3,3,,,,
miscorrection_word,ids,3003157635,on,0.95035,0.0,repaired,3,3,0,0,0,1
miscorrection_word,ids,1666291071,off,,,crash,3,3,,,,
miscorrection_word,ids,1666291071,on,0.95035,0.0,repaired,3,3,0,0,0,1
miscorrection_word,ids,1688328141,off,0.95035,0.0,tolerated,3,2,,,,
miscorrection_word,ids,1688328141,on,0.95035,0.0,tolerated,3,2,0,0,0,0
miscorrection_word,ids,2322015062,off,0.95021,0.00014,tolerated,3,3,,,,
miscorrection_word,ids,2322015062,on,0.95034,1e-05,repaired,3,3,0,0,0,1
miscorrection_word,ids,398633887,off,,,crash,3,2,,,,
miscorrection_word,ids,398633887,on,0.95035,0.0,repaired,3,2,0,0,0,1
miscorrection_word,ids,2098758588,off,0.9503199999999999,3e-05,tolerated,3,3,,,,
miscorrection_word,ids,2098758588,on,0.95035,0.0,repaired,3,3,0,0,0,2
miscorrection_word,ids,4260579408,off,0.95034,1e-05,tolerated,3,3,,,,
miscorrection_word,ids,4260579408,on,0.95035,0.0,repaired,3,3,0,0,0,2
miscorrection_word,ids,673407344,off,0.9502900000000001,6e-05,tolerated,3,3,,,,
miscorrection_word,ids,673407344,on,0.95035,0.0,repaired,3,3,0,0,0,1
